[{"title":"[SBS] Arnav Khushi Patch up and Off Screen Masti - 12th Sept 2012 - Iss Pyaar Ko Kya Naam Doon","imgurl":"https://i.ytimg.com/vi/ONEwMCGFKtc/hqdefault.jpg","publishedAt":"2012-09-12T09:55:18Z","position":0,"videoId":"ONEwMCGFKtc","videoLength":"PT3M40S","viewCount":6777155,"likeCount":22183,"dislikeCount":1439,"commentCount":654},{"title":"IPKKND gang masti on the set SBS 13th June 2012","imgurl":"https://i.ytimg.com/vi/QwkMKJW6dIY/hqdefault.jpg","publishedAt":"2016-03-11T15:31:18Z","position":1,"videoId":"QwkMKJW6dIY","videoLength":"PT4M55S","viewCount":392125,"likeCount":3015,"dislikeCount":70,"commentCount":87},{"title":"Barun and Sanaya Offscreen Masti ~ 2  (Iss Pyaar Ko Kya Naam Doon)","imgurl":"https://i.ytimg.com/vi/zxW94UsMzAU/hqdefault.jpg","publishedAt":"2020-05-03T13:45:56Z","position":2,"videoId":"zxW94UsMzAU","videoLength":"PT4M46S","viewCount":86807,"likeCount":1371,"dislikeCount":19,"commentCount":60},{"title":"Barun and Sanaya SBS seg 21st February 2012","imgurl":"https://i.ytimg.com/vi/CjuWmu3BbFQ/hqdefault.jpg","publishedAt":"2012-02-21T11:26:15Z","position":3,"videoId":"CjuWmu3BbFQ","videoLength":"PT3M57S","viewCount":1301051,"likeCount":5664,"dislikeCount":427,"commentCount":158},{"title":"Rabba Ve (LYRICS) Full Song | Arnav Khushi | Barun Sobti | Indian Drama | Star Plus | ZS Lyrical","imgurl":"https://i.ytimg.com/vi/djzN68nbhEE/hqdefault.jpg","publishedAt":"2020-06-23T01:34:05Z","position":4,"videoId":"djzN68nbhEE","videoLength":"PT4M55S","viewCount":789987,"likeCount":8389,"dislikeCount":247,"commentCount":383},{"title":"Rabba Ve whatsapp Status Song 2020 😍 | Iss Pyaar ko kya naam doon |Whatsapp Status Song| Funddu Guy|","imgurl":"https://i.ytimg.com/vi/juFYb0WKYC4/hqdefault.jpg","publishedAt":"2020-11-30T10:14:15Z","position":5,"videoId":"juFYb0WKYC4","videoLength":"PT32S","viewCount":107308,"likeCount":660,"dislikeCount":37,"commentCount":22},{"title":"Bir Garip Aşk yeni sezon 3. bölüm full izle - iss pyaar ko kya naam doon ek jashn all episode 3","imgurl":"https://i.ytimg.com/vi/ATusIdCvgro/hqdefault.jpg","publishedAt":"2021-01-19T13:44:47Z","position":6,"videoId":"ATusIdCvgro","videoLength":"PT7M13S","viewCount":31201,"likeCount":262,"dislikeCount":14,"commentCount":6},{"title":"Kushi kumari gufta","imgurl":"https://i.ytimg.com/vi/gCJCq5kLAuw/hqdefault.jpg","publishedAt":"2017-02-11T14:28:56Z","position":7,"videoId":"gCJCq5kLAuw","videoLength":"PT2M35S","viewCount":87978,"likeCount":810,"dislikeCount":35,"commentCount":33},{"title":"iss pyaar ko kya naam doon episode 33","imgurl":"https://i.ytimg.com/vi/7XHn9LjGNuw/hqdefault.jpg","publishedAt":"2020-10-06T01:54:58Z","position":8,"videoId":"7XHn9LjGNuw","videoLength":"PT32S","viewCount":98946,"likeCount":690,"dislikeCount":16,"commentCount":8},{"title":"14 July 2012 Maha Episode Promo Iss Pyaar Ko Kya Naam Doon Arnav Khushi IPKKND Bir Garip Ask","imgurl":"https://i.ytimg.com/vi/PBr55UYnFaA/hqdefault.jpg","publishedAt":"2020-11-25T10:47:43Z","position":9,"videoId":"PBr55UYnFaA","videoLength":"PT21S","viewCount":20374,"likeCount":217,"dislikeCount":2,"commentCount":2},{"title":"September 14, 2018","imgurl":"https://i.ytimg.com/vi/ny0vygOk9X8/hqdefault.jpg","publishedAt":"2018-09-14T14:05:19Z","position":10,"videoId":"ny0vygOk9X8","videoLength":"PT5M46S","viewCount":76811,"likeCount":846,"dislikeCount":25,"commentCount":30},{"title":"Aastha Taking Care Of Ill Shlok - Iss Pyaar Ko Kya Naam Doon Ek Baar Phir","imgurl":"https://i.ytimg.com/vi/dhUdcpDv9rc/hqdefault.jpg","publishedAt":"2014-02-12T08:20:41Z","position":11,"videoId":"dhUdcpDv9rc","videoLength":"PT1M34S","viewCount":2259474,"likeCount":3091,"dislikeCount":629,"commentCount":98},{"title":"Iss pyaar ko kya naam doon episode 354","imgurl":"https://i.ytimg.com/vi/lPYitL1n-rE/hqdefault.jpg","publishedAt":"2020-05-28T05:00:12Z","position":12,"videoId":"lPYitL1n-rE","videoLength":"PT5M4S","viewCount":684343,"likeCount":805,"dislikeCount":879,"commentCount":37},{"title":"Arnav khushi love scenes episodes","imgurl":"https://i.ytimg.com/vi/sZu3utMa9f0/hqdefault.jpg","publishedAt":"2020-11-15T08:34:13Z","position":13,"videoId":"sZu3utMa9f0","videoLength":"PT3M17S","viewCount":171456,"likeCount":1243,"dislikeCount":48,"commentCount":31},{"title":"Khushi  Arnav  ı yine   güldürdü","imgurl":"https://i.ytimg.com/vi/1nl-7Th8Pts/hqdefault.jpg","publishedAt":"2017-12-04T12:09:52Z","position":14,"videoId":"1nl-7Th8Pts","videoLength":"PT3M15S","viewCount":788301,"likeCount":5739,"dislikeCount":204,"commentCount":187},{"title":"Iss Pyaar Ko Kya Naam Doon Ek Bar Phir |Aastha|Shlok| #IssPyaarKoKyaNaamDoonEkBarPhir #Aastha #Shlok","imgurl":"https://i.ytimg.com/vi/xcvvGxvmw7w/hqdefault.jpg","publishedAt":"2020-05-28T02:11:45Z","position":15,"videoId":"xcvvGxvmw7w","videoLength":"PT3M40S","viewCount":78889,"likeCount":401,"dislikeCount":20,"commentCount":16},{"title":"Iss pyaar ko kya naam doon 4 | Barun sobti | sanaya Irani | Gul khan | Starplus","imgurl":"https://i.ytimg.com/vi/nEKwrcMYSfU/hqdefault.jpg","publishedAt":"2020-04-19T14:16:53Z","position":16,"videoId":"nEKwrcMYSfU","videoLength":"PT1M52S","viewCount":930615,"likeCount":4401,"dislikeCount":311,"commentCount":186},{"title":"Iss Pyaar Ko Kya Naam Doon Episode 1 | IPKKND 1 to 406 All Episode | Review | Star Utsav","imgurl":"https://i.ytimg.com/vi/A6ZasqU-KJ4/hqdefault.jpg","publishedAt":"2021-02-28T15:50:11Z","position":17,"videoId":"A6ZasqU-KJ4","videoLength":"PT21M12S","viewCount":22543,"likeCount":179,"dislikeCount":24,"commentCount":2},{"title":"Iss Pyaar Ko Kya Naam Doon -15th August 2017 | Starplus Show latest upcoming | Serial News 2017","imgurl":"https://i.ytimg.com/vi/kW3wrL13RAc/hqdefault.jpg","publishedAt":"2017-08-14T06:12:50Z","position":18,"videoId":"kW3wrL13RAc","videoLength":"PT2M15S","viewCount":428584,"likeCount":463,"dislikeCount":99,"commentCount":8},{"title":"Chale Aana song.  (khushi arnav)","imgurl":"https://i.ytimg.com/vi/U67MbSeF_RY/hqdefault.jpg","publishedAt":"2019-06-04T16:55:53Z","position":19,"videoId":"U67MbSeF_RY","videoLength":"PT2M39S","viewCount":187062,"likeCount":1223,"dislikeCount":44,"commentCount":27},{"title":"💔Arnav and khushi - Teri Meri Prem Kahani with Albanian lyrics / Iss Pyaar Ko Kya Naam Doon 💔","imgurl":"https://i.ytimg.com/vi/Y-vByjjSecQ/hqdefault.jpg","publishedAt":"2018-08-28T10:12:08Z","position":20,"videoId":"Y-vByjjSecQ","videoLength":"PT5M22S","viewCount":3282758,"likeCount":21589,"dislikeCount":1343,"commentCount":968},{"title":"Arnav khushi Vm","imgurl":"https://i.ytimg.com/vi/ctvD1yMU1n4/hqdefault.jpg","publishedAt":"2019-05-04T20:55:02Z","position":21,"videoId":"ctvD1yMU1n4","videoLength":"PT4M2S","viewCount":403052,"likeCount":2755,"dislikeCount":123,"commentCount":46},{"title":"Kyun dard hai itna rabba ve","imgurl":"https://i.ytimg.com/vi/EbmI1TJXaW4/hqdefault.jpg","publishedAt":"2020-10-24T03:39:04Z","position":22,"videoId":"EbmI1TJXaW4","videoLength":"PT12M19S","viewCount":208527,"likeCount":1375,"dislikeCount":73,"commentCount":36},{"title":"Iss Pyaar Ko Kya Naam Doon Episode 1 Full | Iss Pyaar Ko Kya Naam Serial All Episodes","imgurl":"https://i.ytimg.com/vi/kPcK27YR2Yg/hqdefault.jpg","publishedAt":"2020-12-03T10:11:35Z","position":23,"videoId":"kPcK27YR2Yg","videoLength":"PT2M9S","viewCount":116468,"likeCount":248,"dislikeCount":65,"commentCount":13},{"title":"Sanaya Irani & Barun Sobti, Sarun , Sanaya Dancing, starplus ,UK","imgurl":"https://i.ytimg.com/vi/F_DH2oaoEJw/hqdefault.jpg","publishedAt":"2017-10-22T21:58:25Z","position":24,"videoId":"F_DH2oaoEJw","videoLength":"PT11M47S","viewCount":345329,"likeCount":2528,"dislikeCount":201,"commentCount":79},{"title":"Aastha♡Shlok","imgurl":"https://i.ytimg.com/vi/ey_1Fdz8b3Q/hqdefault.jpg","publishedAt":"2021-01-22T19:30:09Z","position":25,"videoId":"ey_1Fdz8b3Q","videoLength":"PT1M29S","viewCount":53586,"likeCount":542,"dislikeCount":7,"commentCount":91},{"title":"Iss Pyaar Ko Kya Naam Du full video song","imgurl":"https://i.ytimg.com/vi/Nzmkz0dGp4k/hqdefault.jpg","publishedAt":"2020-05-20T18:25:43Z","position":26,"videoId":"Nzmkz0dGp4k","videoLength":"PT5M32S","viewCount":49104,"likeCount":531,"dislikeCount":18,"commentCount":16},{"title":"Iss pyaar Ko kya Naam Doon/rabba ve/ khushi and Arnav 😍😍😍","imgurl":"https://i.ytimg.com/vi/7bqbuuoRAQM/hqdefault.jpg","publishedAt":"2020-09-06T07:26:15Z","position":27,"videoId":"7bqbuuoRAQM","videoLength":"PT6M29S","viewCount":15950,"likeCount":66,"dislikeCount":2,"commentCount":0},{"title":"From the Sets of Iss Pyaar Ko Kya Nam Doon Ek Baar Phir","imgurl":"https://i.ytimg.com/vi/Oah7fjghoLM/hqdefault.jpg","publishedAt":"2014-02-21T09:43:59Z","position":28,"videoId":"Oah7fjghoLM","videoLength":"PT1M16S","viewCount":1417544,"likeCount":2210,"dislikeCount":279,"commentCount":41},{"title":"🌹«Que hermoso»😍","imgurl":"https://i.ytimg.com/vi/fRtzd2oeCLU/hqdefault.jpg","publishedAt":"2018-09-19T22:21:38Z","position":29,"videoId":"fRtzd2oeCLU","videoLength":"PT2M19S","viewCount":824147,"likeCount":7831,"dislikeCount":211,"commentCount":292},{"title":"Iss Pyar Ko Kya Naam Doon 4 Release In December 2019 ! Star Plus","imgurl":"https://i.ytimg.com/vi/cUNEozV2EOA/hqdefault.jpg","publishedAt":"2019-02-19T10:25:58Z","position":30,"videoId":"cUNEozV2EOA","videoLength":"PT1M17S","viewCount":3040082,"likeCount":9993,"dislikeCount":1450,"commentCount":502},{"title":"From the sets of Iss Pyaar Ko Kya Naam Doon Ek baar Phir","imgurl":"https://i.ytimg.com/vi/LuK4z86eaL0/hqdefault.jpg","publishedAt":"2013-12-04T12:15:28Z","position":31,"videoId":"LuK4z86eaL0","videoLength":"PT3M52S","viewCount":2856199,"likeCount":3821,"dislikeCount":1048,"commentCount":57},{"title":"Iss Pyar Ko Kya Naam Doon Ek Jashn IPKKND Episode9 The Making","imgurl":"https://i.ytimg.com/vi/OIR0YyepbGM/hqdefault.jpg","publishedAt":"2016-12-21T19:09:42Z","position":32,"videoId":"OIR0YyepbGM","videoLength":"PT7M51S","viewCount":85799,"likeCount":806,"dislikeCount":13,"commentCount":24},{"title":"Iss Pyaar Ko Kya Naam Doon Ek Baar Phir  Offscreen","imgurl":"https://i.ytimg.com/vi/jWWBc1YGzpk/hqdefault.jpg","publishedAt":"2013-11-12T09:50:14Z","position":33,"videoId":"jWWBc1YGzpk","videoLength":"PT4M52S","viewCount":734130,"likeCount":2561,"dislikeCount":243,"commentCount":111},{"title":"ये क्या HUA!!!! Iss Pyar Ko Kya Naam Doon - promo & news 21st September 2k17","imgurl":"https://i.ytimg.com/vi/nMT5ZfLXsfo/hqdefault.jpg","publishedAt":"2017-09-20T17:38:44Z","position":34,"videoId":"nMT5ZfLXsfo","videoLength":"PT1M17S","viewCount":19565817,"likeCount":14261,"dislikeCount":7771,"commentCount":256},{"title":"Rabba Ve Song | Iss Pyaar Ko Kya Naam Doon | |●Arnav Khushi●|","imgurl":"https://i.ytimg.com/vi/6U02uyvAtCI/hqdefault.jpg","publishedAt":"2018-05-07T06:57:56Z","position":35,"videoId":"6U02uyvAtCI","videoLength":"PT2M33S","viewCount":946584,"likeCount":5063,"dislikeCount":274,"commentCount":191},{"title":"Iss Pyaar Ko Kya Naam Do 🥰🥰 Arnav Challenge khushi","imgurl":"https://i.ytimg.com/vi/4ToReUzPUbg/hqdefault.jpg","publishedAt":"2020-12-01T11:26:32Z","position":36,"videoId":"4ToReUzPUbg","videoLength":"PT28S","viewCount":2352,"likeCount":29,"dislikeCount":1,"commentCount":4},{"title":"React on Sanaya Irani and Barun Sobti | Iss Pyaar Ko Kya Naam Doon | Arnav khushi | Zafar Reaction","imgurl":"https://i.ytimg.com/vi/nw0Bw3FjZiU/hqdefault.jpg","publishedAt":"2021-03-01T10:09:45Z","position":37,"videoId":"nw0Bw3FjZiU","videoLength":"PT11M53S","viewCount":59722,"likeCount":3089,"dislikeCount":52,"commentCount":609},{"title":"iss pyaar ko kya naam doon episode 326","imgurl":"https://i.ytimg.com/vi/876aVbBAS0o/hqdefault.jpg","publishedAt":"2020-09-30T12:41:20Z","position":38,"videoId":"876aVbBAS0o","videoLength":"PT21S","viewCount":118232,"likeCount":584,"dislikeCount":24,"commentCount":5},{"title":"Iss pyaar ko kya naam doon episode HD 1080 37","imgurl":"https://i.ytimg.com/vi/-rjeY_GBAgo/hqdefault.jpg","publishedAt":"2020-10-11T05:44:49Z","position":39,"videoId":"-rjeY_GBAgo","videoLength":"PT21S","viewCount":33194,"likeCount":963,"dislikeCount":15,"commentCount":6},{"title":"इस प्यार को क्या नाम दू 5 जल्द ही लोट रहा है || Sanaya-Barun || PKKND Season 5\n\nRp","imgurl":"https://i.ytimg.com/vi/Qjc__U90wAY/hqdefault.jpg","publishedAt":"2019-07-05T06:57:31Z","position":40,"videoId":"Qjc__U90wAY","videoLength":"PT1M32S","viewCount":55904,"likeCount":126,"dislikeCount":28,"commentCount":7},{"title":"ISS PYAR KO KYA NAAM DOON-1|| IPKKND || Rabba ve || Khushi || Arnav","imgurl":"https://i.ytimg.com/vi/vhv5EKfEx64/hqdefault.jpg","publishedAt":"2020-09-27T06:59:05Z","position":41,"videoId":"vhv5EKfEx64","videoLength":"PT24S","viewCount":64903,"likeCount":2063,"dislikeCount":37,"commentCount":37},{"title":"Iss pyaar ko kya naam doon Episode 355","imgurl":"https://i.ytimg.com/vi/qiD67i0Enx0/hqdefault.jpg","publishedAt":"2020-06-16T04:00:11Z","position":42,"videoId":"qiD67i0Enx0","videoLength":"PT11M44S","viewCount":798419,"likeCount":1331,"dislikeCount":651,"commentCount":0},{"title":"Astha Vs Shlok - Who is the Best? - Iss Pyaar Ko Kya Naam Doon... Ek Baar Phir","imgurl":"https://i.ytimg.com/vi/8TXWks4yjRo/hqdefault.jpg","publishedAt":"2014-01-27T15:01:23Z","position":43,"videoId":"8TXWks4yjRo","videoLength":"PT1M40S","viewCount":98193,"likeCount":539,"dislikeCount":23,"commentCount":28},{"title":"Barun Sobti MISSES Sanaya Irani while shooting for Iss Pyaar Ko Kya Naam Doon 3","imgurl":"https://i.ytimg.com/vi/8RSCgTgEreM/hqdefault.jpg","publishedAt":"2017-06-14T06:36:13Z","position":44,"videoId":"8RSCgTgEreM","videoLength":"PT3M44S","viewCount":565201,"likeCount":3204,"dislikeCount":1042,"commentCount":710}]