[{"title":"Iss pyar ko kya nam doon Tittle Song| Arnav & Khushi","imgurl":"https://i.ytimg.com/vi/k-GMI6WmUOE/hqdefault.jpg","publishedAt":"2020-10-25T05:16:11Z","position":0,"videoId":"k-GMI6WmUOE","videoLength":"PT2M14S","viewCount":95935,"likeCount":663,"dislikeCount":29,"commentCount":12},{"title":"Rabba Ve episode 4","imgurl":"https://i.ytimg.com/vi/lRv_9nYuSdk/hqdefault.jpg","publishedAt":"2020-12-15T08:22:45Z","position":1,"videoId":"lRv_9nYuSdk","videoLength":"PT2M58S","viewCount":224926,"likeCount":1274,"dislikeCount":80,"commentCount":10},{"title":"Iss pyaar ko kya naam doon Episode 357","imgurl":"https://i.ytimg.com/vi/IgKwQQHHwrA/hqdefault.jpg","publishedAt":"2020-07-14T16:00:12Z","position":2,"videoId":"IgKwQQHHwrA","videoLength":"PT13M22S","viewCount":803006,"likeCount":1400,"dislikeCount":847,"commentCount":38},{"title":"Arnav and khushi off screen masti","imgurl":"https://i.ytimg.com/vi/KStYgwlqhdg/hqdefault.jpg","publishedAt":"2014-01-15T04:41:33Z","position":3,"videoId":"KStYgwlqhdg","videoLength":"PT4M54S","viewCount":394703,"likeCount":1186,"dislikeCount":52,"commentCount":34},{"title":"Iss Pyar Ko Kya Naam Doon Title song","imgurl":"https://i.ytimg.com/vi/YRtc9aYZyQg/hqdefault.jpg","publishedAt":"2016-07-31T09:56:02Z","position":4,"videoId":"YRtc9aYZyQg","videoLength":"PT2M47S","viewCount":541865,"likeCount":4657,"dislikeCount":160,"commentCount":0},{"title":"iss pyar ko kya naam doon ek Baar phir","imgurl":"https://i.ytimg.com/vi/wI0lPY9mweY/hqdefault.jpg","publishedAt":"2020-09-28T05:43:14Z","position":5,"videoId":"wI0lPY9mweY","videoLength":"PT2M34S","viewCount":87382,"likeCount":506,"dislikeCount":21,"commentCount":11},{"title":"Arnav khushi rumantic scene","imgurl":"https://i.ytimg.com/vi/dI0SefD3gvE/hqdefault.jpg","publishedAt":"2020-06-21T18:07:36Z","position":6,"videoId":"dI0SefD3gvE","videoLength":"PT27S","viewCount":59861,"likeCount":535,"dislikeCount":14,"commentCount":12},{"title":"Iss pyaar ko kya naam doon Episode 392","imgurl":"https://i.ytimg.com/vi/P3k-tLTXvkM/hqdefault.jpg","publishedAt":"2020-09-16T04:00:20Z","position":7,"videoId":"P3k-tLTXvkM","videoLength":"PT11M3S","viewCount":295153,"likeCount":650,"dislikeCount":525,"commentCount":29},{"title":"Rabba Ve (LYRICS) Full Song | Arnav Khushi | Barun Sobti | Indian Drama | Star Plus | ZS Lyrical","imgurl":"https://i.ytimg.com/vi/djzN68nbhEE/hqdefault.jpg","publishedAt":"2020-06-23T01:34:05Z","position":8,"videoId":"djzN68nbhEE","videoLength":"PT4M55S","viewCount":785751,"likeCount":8334,"dislikeCount":246,"commentCount":381},{"title":"Barun Sobti (Actor) Income, Age, Girlfriend, Wife, Family, Biography & More","imgurl":"https://i.ytimg.com/vi/5IanYXdMsLI/hqdefault.jpg","publishedAt":"2020-08-25T11:17:09Z","position":9,"videoId":"5IanYXdMsLI","videoLength":"PT4M58S","viewCount":52,"likeCount":4,"dislikeCount":0,"commentCount":0},{"title":"इस प्यार को क्या नाम दूं सीजन 4 | कहां, कैसे, और कब, शुरू होगा। full detail! Releasing date confirm!","imgurl":"https://i.ytimg.com/vi/gS_mDPelg84/hqdefault.jpg","publishedAt":"2021-01-15T02:01:41Z","position":10,"videoId":"gS_mDPelg84","videoLength":"PT3M30S","viewCount":135833,"likeCount":2727,"dislikeCount":79,"commentCount":314},{"title":"sameer sharma biography, income, house, family, death, | sameer sharma death news | sameer sharma","imgurl":"https://i.ytimg.com/vi/9YFoj2ctaKA/hqdefault.jpg","publishedAt":"2020-08-06T13:31:26Z","position":11,"videoId":"9YFoj2ctaKA","videoLength":"PT2M35S","viewCount":466,"likeCount":0,"dislikeCount":0,"commentCount":2},{"title":"\"Iss Pyaar Ko Kya Naam Doon\" Serial Cast Real Life Love Partner","imgurl":"https://i.ytimg.com/vi/haWtmd41Mfc/hqdefault.jpg","publishedAt":"2020-04-22T13:02:48Z","position":12,"videoId":"haWtmd41Mfc","videoLength":"PT2M57S","viewCount":5573,"likeCount":78,"dislikeCount":1,"commentCount":2},{"title":"Sanaya Irani Viral Videos | Sanaya Irani with Her Boyfriend | Mohit Sehgal | Sanaya New Video","imgurl":"https://i.ytimg.com/vi/r5UFoRTdS4k/hqdefault.jpg","publishedAt":"2018-12-29T14:28:22Z","position":13,"videoId":"r5UFoRTdS4k","videoLength":"PT11M5S","viewCount":48985,"likeCount":941,"dislikeCount":27,"commentCount":60},{"title":"Iss Pyaar Ko Kya Naam Doon funny moments behind the scenes | Screen Journal","imgurl":"https://i.ytimg.com/vi/iHRTWekr3jo/hqdefault.jpg","publishedAt":"2017-09-02T16:39:28Z","position":14,"videoId":"iHRTWekr3jo","videoLength":"PT2M15S","viewCount":264001,"likeCount":2445,"dislikeCount":214,"commentCount":164},{"title":"Telly Tadka Exclusive : Iss Pyaar Ko Kya Naam Doon?  Offscreen Footage","imgurl":"https://i.ytimg.com/vi/jHuqSQq8jfw/hqdefault.jpg","publishedAt":"2012-09-14T17:18:56Z","position":15,"videoId":"jHuqSQq8jfw","videoLength":"PT2M41S","viewCount":31799,"likeCount":193,"dislikeCount":14,"commentCount":8},{"title":"[SBS] Khushi Ne Manai Haldi Ki Khushi - 13th Sept 2012 - Iss Pyaar Ko Kya Naam Doon","imgurl":"https://i.ytimg.com/vi/Z8layM9fArQ/hqdefault.jpg","publishedAt":"2012-09-13T09:58:29Z","position":16,"videoId":"Z8layM9fArQ","videoLength":"PT4M31S","viewCount":319608,"likeCount":1787,"dislikeCount":84,"commentCount":76},{"title":"💓Iss pyaar Ko kya Naam Doon whatsapp status 2020 || 💓 Romantic Love Tik-tok Trending video","imgurl":"https://i.ytimg.com/vi/DkGPmRdcTvo/hqdefault.jpg","publishedAt":"2020-04-26T15:22:06Z","position":17,"videoId":"DkGPmRdcTvo","videoLength":"PT29S","viewCount":7520,"likeCount":123,"dislikeCount":0,"commentCount":0},{"title":"Sanaya Irani and Barun Sobti (Arnav and Khushi) together in a Navratri Function |Looking so sweet","imgurl":"https://i.ytimg.com/vi/PSkU6MuEAH4/hqdefault.jpg","publishedAt":"2018-09-27T15:51:00Z","position":18,"videoId":"PSkU6MuEAH4","videoLength":"PT1M35S","viewCount":435220,"likeCount":3912,"dislikeCount":235,"commentCount":312},{"title":"Most Beautiful 20 Looks Of Sanaya Irani As Khushi From Is Pyaar Ko Kya Naam Doon ?","imgurl":"https://i.ytimg.com/vi/Kw97dutTHXg/hqdefault.jpg","publishedAt":"2019-04-13T09:01:47Z","position":19,"videoId":"Kw97dutTHXg","videoLength":"PT3M55S","viewCount":121709,"likeCount":1174,"dislikeCount":59,"commentCount":146},{"title":"Arnav khushi funny scene Arnav ve khushi komik anlar","imgurl":"https://i.ytimg.com/vi/xuY0I4j6raE/hqdefault.jpg","publishedAt":"2021-01-20T02:35:01Z","position":20,"videoId":"xuY0I4j6raE","videoLength":"PT6M7S","viewCount":19703,"likeCount":300,"dislikeCount":9,"commentCount":9},{"title":"Ipkknd tiktok best vedio #ipkknd #arnav #khusi","imgurl":"https://i.ytimg.com/vi/xK2alsTiVz8/hqdefault.jpg","publishedAt":"2019-02-01T12:08:58Z","position":21,"videoId":"xK2alsTiVz8","videoLength":"PT42S","viewCount":3375,"likeCount":67,"dislikeCount":4,"commentCount":4},{"title":"Khushi-Arnav-Mere Rashq e qamar","imgurl":"https://i.ytimg.com/vi/kdp8vHoTZNo/hqdefault.jpg","publishedAt":"2019-12-08T09:36:22Z","position":22,"videoId":"kdp8vHoTZNo","videoLength":"PT55S","viewCount":3128,"likeCount":57,"dislikeCount":2,"commentCount":0},{"title":"Rabba ve| female version |WhatsApp status | subscribe |like","imgurl":"https://i.ytimg.com/vi/1XxZEhVvWvI/hqdefault.jpg","publishedAt":"2019-05-21T18:53:29Z","position":23,"videoId":"1XxZEhVvWvI","videoLength":"PT31S","viewCount":35955,"likeCount":832,"dislikeCount":18,"commentCount":14},{"title":"Iss pyaar Ko kya Naam Doon//New Sad Status Video 😭😭//Khushi ❤️ Arnav","imgurl":"https://i.ytimg.com/vi/_hwnuy1w2VY/hqdefault.jpg","publishedAt":"2021-02-15T06:40:05Z","position":24,"videoId":"_hwnuy1w2VY","videoLength":"PT30S","viewCount":40875,"likeCount":1459,"dislikeCount":14,"commentCount":10},{"title":"Hasino Ko Ate Hai~Adni vm Happy Valentine's Day ❤ShivaniTomar 💞 BarunSobti❤","imgurl":"https://i.ytimg.com/vi/C8fbFfdRXZE/hqdefault.jpg","publishedAt":"2019-02-14T05:24:14Z","position":25,"videoId":"C8fbFfdRXZE","videoLength":"PT3M47S","viewCount":1717540,"likeCount":8217,"dislikeCount":739,"commentCount":282},{"title":"Rabba Ve Arnav Khushi","imgurl":"https://i.ytimg.com/vi/rPC7Hh0ytFc/hqdefault.jpg","publishedAt":"2021-02-18T01:39:53Z","position":26,"videoId":"rPC7Hh0ytFc","videoLength":"PT2M27S","viewCount":17157,"likeCount":92,"dislikeCount":7,"commentCount":1},{"title":"Iss pyaar ko kya naam doon 4 promo | 2021 | Gul khan | Starplus","imgurl":"https://i.ytimg.com/vi/BFU8CryTdVc/hqdefault.jpg","publishedAt":"2019-06-23T08:25:30Z","position":27,"videoId":"BFU8CryTdVc","videoLength":"PT1M19S","viewCount":3088866,"likeCount":10239,"dislikeCount":1200,"commentCount":265},{"title":"Meri Aankhon Me Tu Muskuraye - Aarti ll Iss Pyaar Ko Kya Naam Doon","imgurl":"https://i.ytimg.com/vi/QiEV5WPYBaA/hqdefault.jpg","publishedAt":"2018-11-03T15:55:08Z","position":28,"videoId":"QiEV5WPYBaA","videoLength":"PT3M44S","viewCount":1590931,"likeCount":5217,"dislikeCount":442,"commentCount":176},{"title":"..Iss Pyaar Ko Kya Naam Doon.. (Arnav Khushi) romantic Jodi💞.Rabba Ve song status video💞","imgurl":"https://i.ytimg.com/vi/jZ1E6xSWbGc/hqdefault.jpg","publishedAt":"2020-11-03T15:43:05Z","position":29,"videoId":"jZ1E6xSWbGc","videoLength":"PT30S","viewCount":250690,"likeCount":8234,"dislikeCount":228,"commentCount":65},{"title":"❤️❤️Arnav and khushi background music ❤️❤️//Iss Pyaar Ko Kya Naam doon serial background music ❤️❤️","imgurl":"https://i.ytimg.com/vi/jbwa4MV28rM/hqdefault.jpg","publishedAt":"2020-12-27T18:30:16Z","position":30,"videoId":"jbwa4MV28rM","videoLength":"PT27S","viewCount":9571,"likeCount":487,"dislikeCount":13,"commentCount":7},{"title":"Tharki Chokro Full Song /Iss Pyaar Ko Kya Naam Doon /Duele amar/La promesa","imgurl":"https://i.ytimg.com/vi/NGfveqqLbU0/hqdefault.jpg","publishedAt":"2021-01-19T13:46:57Z","position":31,"videoId":"NGfveqqLbU0","videoLength":"PT3M52S","viewCount":180,"likeCount":11,"dislikeCount":0,"commentCount":1},{"title":"Know More About Avinash Sachdev","imgurl":"https://i.ytimg.com/vi/yb1CeZ7uAno/hqdefault.jpg","publishedAt":"2014-07-11T13:55:50Z","position":32,"videoId":"yb1CeZ7uAno","videoLength":"PT2M41S","viewCount":123488,"likeCount":1142,"dislikeCount":58,"commentCount":131},{"title":"Arshi💖 || Ek_ladki_ko_dekha_to_aisa_laga || Iss pyar ko kya naam doon || Barun Sobti ||Sanaya Irani","imgurl":"https://i.ytimg.com/vi/JI6zyTaSDBA/hqdefault.jpg","publishedAt":"2019-02-01T02:20:07Z","position":33,"videoId":"JI6zyTaSDBA","videoLength":"PT1M59S","viewCount":16910,"likeCount":267,"dislikeCount":5,"commentCount":5},{"title":"Arnav 💖 Khushi || ISS PYAR KO KYA NAAM DOON? DEKHA HAZARO DAFA || Arshi ❤️ Sarun || Sanaya ❤️ Barun","imgurl":"https://i.ytimg.com/vi/rEkJeJwHrZw/hqdefault.jpg","publishedAt":"2021-01-28T16:36:58Z","position":34,"videoId":"rEkJeJwHrZw","videoLength":"PT1M36S","viewCount":109051,"likeCount":961,"dislikeCount":25,"commentCount":23},{"title":"New Love ❤️💗 Status Video// Khushi ❤️Arnav//Iss Pyaar Ko Kya Naam Doon Song - IPKKND (Title Song)","imgurl":"https://i.ytimg.com/vi/6gna3-VnOVk/hqdefault.jpg","publishedAt":"2020-12-26T16:18:08Z","position":35,"videoId":"6gna3-VnOVk","videoLength":"PT31S","viewCount":31740,"likeCount":1224,"dislikeCount":34,"commentCount":9},{"title":"Iss pyaar Ko kya Naam Doon | Arnav Khushi WhatsApp status | Rabba ve |","imgurl":"https://i.ytimg.com/vi/1uxJQDdoWx8/hqdefault.jpg","publishedAt":"2021-02-12T05:13:38Z","position":36,"videoId":"1uxJQDdoWx8","videoLength":"PT28S","viewCount":1226,"likeCount":31,"dislikeCount":0,"commentCount":2},{"title":"Arnav singh raizada got award iss pyar koo kya naam doon","imgurl":"https://i.ytimg.com/vi/1PiS7GLXMI4/hqdefault.jpg","publishedAt":"2018-06-18T08:21:46Z","position":37,"videoId":"1PiS7GLXMI4","videoLength":"PT2M39S","viewCount":1191005,"likeCount":9643,"dislikeCount":262,"commentCount":219},{"title":"Arnav & Khushi # is pyar ko kya naam doon # serial # whatsapp status # song # wajah tum ho ❤️🤗😍","imgurl":"https://i.ytimg.com/vi/LTw3fekHaZI/hqdefault.jpg","publishedAt":"2021-02-13T14:46:32Z","position":38,"videoId":"LTw3fekHaZI","videoLength":"PT50S","viewCount":41559,"likeCount":1427,"dislikeCount":20,"commentCount":13},{"title":"He ye Nash is pyar ko kya name du Tik tok status videos.  Gk Love Status","imgurl":"https://i.ytimg.com/vi/1y9KcN6GwRA/hqdefault.jpg","publishedAt":"2019-08-11T07:57:15Z","position":39,"videoId":"1y9KcN6GwRA","videoLength":"PT10S","viewCount":870,"likeCount":14,"dislikeCount":0,"commentCount":0},{"title":"Sanaya Irani & Barun Sobti -SBB Segment 28th Sep HQ","imgurl":"https://i.ytimg.com/vi/sh2SrZF4agk/hqdefault.jpg","publishedAt":"2011-10-11T21:19:09Z","position":40,"videoId":"sh2SrZF4agk","videoLength":"PT3M56S","viewCount":2824885,"likeCount":8555,"dislikeCount":616,"commentCount":329}]