[{"title":"Iss Pyaar Ko Kya Naam Doon? Season 4 New Promo Montage | Unofficial | StarPlus | Edit","imgurl":"https://i.ytimg.com/vi/woRu3i_Nwrg/hqdefault.jpg","publishedAt":"2021-01-31T06:21:39Z","position":0,"videoId":"woRu3i_Nwrg","videoLength":"PT32S","viewCount":1472373,"likeCount":22797,"dislikeCount":891,"commentCount":1289},{"title":"Iss Pyar Ko Kya Naam Doon Season 4 - Naye Rangon Ke Saath | Coming Soon 2021 | Sarun Jodi Come Back","imgurl":"https://i.ytimg.com/vi/6pgA0rlO0gU/hqdefault.jpg","publishedAt":"2021-02-11T17:26:28Z","position":1,"videoId":"6pgA0rlO0gU","videoLength":"PT1M41S","viewCount":8679,"likeCount":232,"dislikeCount":9,"commentCount":0},{"title":"Kyu dard hai itna khushi arnav","imgurl":"https://i.ytimg.com/vi/z1fwH4p2zx8/hqdefault.jpg","publishedAt":"2019-04-25T17:56:26Z","position":2,"videoId":"z1fwH4p2zx8","videoLength":"PT5M24S","viewCount":311576,"likeCount":4187,"dislikeCount":90,"commentCount":137},{"title":"इस प्यार को क्या नाम दूं सीजन 4 कब कैसे और कहां शुरू होगा।full detail ! Sanaya Irani and Barun Sobti","imgurl":"https://i.ytimg.com/vi/0fG5nsj0fDo/hqdefault.jpg","publishedAt":"2020-12-31T12:55:59Z","position":3,"videoId":"0fG5nsj0fDo","videoLength":"PT3M55S","viewCount":423645,"likeCount":4400,"dislikeCount":174,"commentCount":506},{"title":"Rabba Ve Song   Iss Pyaar Ko Kya Naam Doon   ☆Best OF IPKKND☆  via torchbrowser com","imgurl":"https://i.ytimg.com/vi/K4ufJrAtA9k/hqdefault.jpg","publishedAt":"2019-01-24T17:43:27Z","position":4,"videoId":"K4ufJrAtA9k","videoLength":"PT6M29S","viewCount":31055,"likeCount":227,"dislikeCount":12,"commentCount":12},{"title":"Rabba Ve Full Song Iss Pyaar ko kya naam doon | Rabba ve","imgurl":"https://i.ytimg.com/vi/k2SAqUkMK3w/hqdefault.jpg","publishedAt":"2017-06-07T10:55:23Z","position":5,"videoId":"k2SAqUkMK3w","videoLength":"PT2M14S","viewCount":1157755,"likeCount":5953,"dislikeCount":403,"commentCount":295},{"title":"Is Pyar Ko Kya Naam Doon   Ek Baar Phir   Title Song slok astha romentic whatsup status","imgurl":"https://i.ytimg.com/vi/XWiHLbn_eMk/hqdefault.jpg","publishedAt":"2017-10-26T02:00:41Z","position":6,"videoId":"XWiHLbn_eMk","videoLength":"PT3M29S","viewCount":308798,"likeCount":2386,"dislikeCount":95,"commentCount":131},{"title":"Iss Pyaar Ko Kya Naam Doon.. Ek Baar Phir - Title Song - Subtitrat in romana","imgurl":"https://i.ytimg.com/vi/6HAcJq8ulAU/hqdefault.jpg","publishedAt":"2013-10-13T14:02:54Z","position":7,"videoId":"6HAcJq8ulAU","videoLength":"PT3M16S","viewCount":4440909,"likeCount":23743,"dislikeCount":1405,"commentCount":1786},{"title":"SBS 9th January 2012   Arnav gets slapped by Khushi","imgurl":"https://i.ytimg.com/vi/yltOxi7HHvU/hqdefault.jpg","publishedAt":"2016-03-12T19:00:50Z","position":8,"videoId":"yltOxi7HHvU","videoLength":"PT3M24S","viewCount":166225,"likeCount":1451,"dislikeCount":38,"commentCount":40},{"title":"23rd July Masti On the sets of Is pyaar ko kiya naam doon","imgurl":"https://i.ytimg.com/vi/C2ndcApH2E8/hqdefault.jpg","publishedAt":"2012-07-24T21:52:49Z","position":9,"videoId":"C2ndcApH2E8","videoLength":"PT3M2S","viewCount":99581,"likeCount":810,"dislikeCount":20,"commentCount":14},{"title":"SBB - Iss Pyaar Ko Kya Naam Doon - 10th July.mp4","imgurl":"https://i.ytimg.com/vi/xIN-80OLg9c/hqdefault.jpg","publishedAt":"2012-07-10T09:51:05Z","position":10,"videoId":"xIN-80OLg9c","videoLength":"PT3M19S","viewCount":1200743,"likeCount":3403,"dislikeCount":230,"commentCount":95},{"title":"IPKKND offscreen best moments!","imgurl":"https://i.ytimg.com/vi/J2nZYlF3blo/hqdefault.jpg","publishedAt":"2016-11-14T19:46:44Z","position":11,"videoId":"J2nZYlF3blo","videoLength":"PT4M32S","viewCount":1294687,"likeCount":7285,"dislikeCount":307,"commentCount":272},{"title":"sarun offscreen masti.wmv","imgurl":"https://i.ytimg.com/vi/BDVyrS0LeYo/hqdefault.jpg","publishedAt":"2012-09-17T12:51:41Z","position":12,"videoId":"BDVyrS0LeYo","videoLength":"PT3M5S","viewCount":882039,"likeCount":5322,"dislikeCount":139,"commentCount":244},{"title":"SBB 22nd Mar 2012  Barun & Sanaya Barun Interviews Sanaya","imgurl":"https://i.ytimg.com/vi/yWDlcrqYQTg/hqdefault.jpg","publishedAt":"2014-01-02T16:56:20Z","position":13,"videoId":"yWDlcrqYQTg","videoLength":"PT3M44S","viewCount":427456,"likeCount":2825,"dislikeCount":99,"commentCount":65},{"title":"Barun Sobti and Sanaya Irani off screen masti...TS gift on 2nd Anniversary","imgurl":"https://i.ytimg.com/vi/TbUF_sUnUnw/hqdefault.jpg","publishedAt":"2013-06-06T00:51:23Z","position":14,"videoId":"TbUF_sUnUnw","videoLength":"PT1M37S","viewCount":3005569,"likeCount":10409,"dislikeCount":568,"commentCount":294},{"title":"Dailymotion   Saas Bahu Aur Saazish SBS  25th July 2011 Video Watch Online p4   a Film   TV video","imgurl":"https://i.ytimg.com/vi/SJWl3GpqFOM/hqdefault.jpg","publishedAt":"2011-07-25T18:28:24Z","position":15,"videoId":"SJWl3GpqFOM","videoLength":"PT6M1S","viewCount":141506,"likeCount":906,"dislikeCount":44,"commentCount":24},{"title":"सीरियल इस प्यार को क्या नाम दूं मे काम करके प्रसिद्धि हासिल करने वाले इन कलाकारों के ये है रियल","imgurl":"https://i.ytimg.com/vi/-LaZ6N89Bog/hqdefault.jpg","publishedAt":"2020-04-20T14:14:44Z","position":16,"videoId":"-LaZ6N89Bog","videoLength":"PT3M54S","viewCount":19299,"likeCount":195,"dislikeCount":6,"commentCount":7},{"title":"Iss Pyaar Ko Kya Naam Doon - Real ages (2019)","imgurl":"https://i.ytimg.com/vi/fPg4YX2WzNo/hqdefault.jpg","publishedAt":"2019-04-21T10:11:22Z","position":17,"videoId":"fPg4YX2WzNo","videoLength":"PT1M47S","viewCount":585176,"likeCount":4281,"dislikeCount":187,"commentCount":100},{"title":"Arnav Aka Barun Sobti Lifestyle,Wife,Baby,Income,Cars,Family,Biography,Movies","imgurl":"https://i.ytimg.com/vi/aSD7ezZFGxM/hqdefault.jpg","publishedAt":"2020-08-24T09:39:07Z","position":18,"videoId":"aSD7ezZFGxM","videoLength":"PT3M40S","viewCount":190010,"likeCount":2195,"dislikeCount":81,"commentCount":43},{"title":"Iss Pyaar Ko Kya Naam Doon?...Ek Baar Phir Cast Then and Now | IPKKND Season 2 All Cast In 2020","imgurl":"https://i.ytimg.com/vi/JgrRishhYug/hqdefault.jpg","publishedAt":"2020-09-07T10:57:51Z","position":19,"videoId":"JgrRishhYug","videoLength":"PT3M46S","viewCount":13181,"likeCount":120,"dislikeCount":11,"commentCount":9},{"title":"Iss pyar ko kya naam doon 3 characters real name and age.","imgurl":"https://i.ytimg.com/vi/vGvYXY740fs/hqdefault.jpg","publishedAt":"2017-09-27T05:56:06Z","position":20,"videoId":"vGvYXY740fs","videoLength":"PT1M31S","viewCount":22782,"likeCount":114,"dislikeCount":13,"commentCount":3},{"title":"Iss Pyaar Ko Kya Naam Doon Cast Then and Now 😍 | IPKKND season 1 All Actors and Actresses in 2020 😎","imgurl":"https://i.ytimg.com/vi/Cn-TJ0zScZY/hqdefault.jpg","publishedAt":"2020-09-06T11:30:13Z","position":21,"videoId":"Cn-TJ0zScZY","videoLength":"PT3M51S","viewCount":16223,"likeCount":282,"dislikeCount":15,"commentCount":27},{"title":"Khusi Aka Sanaya Irani Lifestyle 2020,House,Cars, Salary,Husband,Family,TV Serial,Movies,NetWorth","imgurl":"https://i.ytimg.com/vi/GZM56TB-A10/hqdefault.jpg","publishedAt":"2020-06-27T07:01:20Z","position":22,"videoId":"GZM56TB-A10","videoLength":"PT5M2S","viewCount":900845,"likeCount":5776,"dislikeCount":336,"commentCount":96},{"title":"Iss Pyaar Ko Kya Naam Doon? - Then and Now (2011-2018)","imgurl":"https://i.ytimg.com/vi/E2fSW6-c6Ps/hqdefault.jpg","publishedAt":"2018-01-14T19:17:01Z","position":23,"videoId":"E2fSW6-c6Ps","videoLength":"PT2M4S","viewCount":1572821,"likeCount":10899,"dislikeCount":667,"commentCount":486},{"title":"इस प्यार को क्या नाम दू सीरियल से प्रसिद्ध हुए इस अभिनेता की यह है रियल लाइफ पत्नी।real life partner","imgurl":"https://i.ytimg.com/vi/_-cItFy8Kxs/hqdefault.jpg","publishedAt":"2020-02-24T08:10:46Z","position":24,"videoId":"_-cItFy8Kxs","videoLength":"PT3M53S","viewCount":541769,"likeCount":3715,"dislikeCount":336,"commentCount":139},{"title":"Iss Pyaar Ko Kya Naam Doon (2011) Cast ! Then and Now 2019","imgurl":"https://i.ytimg.com/vi/id6nN90nOBs/hqdefault.jpg","publishedAt":"2019-01-13T15:52:20Z","position":25,"videoId":"id6nN90nOBs","videoLength":"PT2M24S","viewCount":480843,"likeCount":2568,"dislikeCount":406,"commentCount":244},{"title":"Top 10 TV Actresses Who are Real Life Sisters 2018 | You Don't Know","imgurl":"https://i.ytimg.com/vi/mLdXZUb-kz4/hqdefault.jpg","publishedAt":"2018-02-07T14:06:18Z","position":26,"videoId":"mLdXZUb-kz4","videoLength":"PT2M33S","viewCount":5577557,"likeCount":8525,"dislikeCount":2570,"commentCount":261},{"title":"Upcoming Show इस प्यार को क्या नाम दूं सीजन 4 के स्टार कास्ट को पर एपिसोड मिलते है इतने पैसे| Salary","imgurl":"https://i.ytimg.com/vi/29aFvAB1Mgs/hqdefault.jpg","publishedAt":"2020-09-25T07:33:58Z","position":27,"videoId":"29aFvAB1Mgs","videoLength":"PT4M19S","viewCount":21591,"likeCount":919,"dislikeCount":23,"commentCount":135},{"title":"Iss pyaar ko kya naam doon serial Full information, TRP , cast Salary , Lifestyle","imgurl":"https://i.ytimg.com/vi/Buh2U1Sb9BA/hqdefault.jpg","publishedAt":"2020-04-24T17:08:01Z","position":28,"videoId":"Buh2U1Sb9BA","videoLength":"PT3M12S","viewCount":2056,"likeCount":63,"dislikeCount":6,"commentCount":3},{"title":"IPKKND4। मैं नजर आने वाले इन कलाकारों की per episode salary जानकर आप हो जाएंगे हैरान !","imgurl":"https://i.ytimg.com/vi/7XXOfdOzxJc/hqdefault.jpg","publishedAt":"2021-01-22T06:49:38Z","position":29,"videoId":"7XXOfdOzxJc","videoLength":"PT4M26S","viewCount":5590,"likeCount":208,"dislikeCount":5,"commentCount":23},{"title":"Iss Pyaar Ko Kya Naam Doon Season 3 - PER DAY SALARY | Barun Sobti | Shivani Tomar | TV Prime Time","imgurl":"https://i.ytimg.com/vi/Yyk59PzrC1c/hqdefault.jpg","publishedAt":"2017-07-05T12:49:22Z","position":30,"videoId":"Yyk59PzrC1c","videoLength":"PT1M59S","viewCount":5557,"likeCount":24,"dislikeCount":20,"commentCount":7},{"title":"Avinash Sachdev Lifestyle, Net Worth, Salary, House, Cars, Biography and Family","imgurl":"https://i.ytimg.com/vi/33aNpYzwahc/hqdefault.jpg","publishedAt":"2018-03-05T19:12:44Z","position":31,"videoId":"33aNpYzwahc","videoLength":"PT3M40S","viewCount":47939,"likeCount":460,"dislikeCount":24,"commentCount":32},{"title":"Per Day Income of Indian TV Actors","imgurl":"https://i.ytimg.com/vi/Or96l3Azw8s/hqdefault.jpg","publishedAt":"2020-05-22T13:30:02Z","position":32,"videoId":"Or96l3Azw8s","videoLength":"PT4M28S","viewCount":21240,"likeCount":322,"dislikeCount":22,"commentCount":51},{"title":"IPKKND, YRKKH, YHM के स्टार्स की पहली सैलरी.. पैसा मिलने पर क्या किया?","imgurl":"https://i.ytimg.com/vi/F4U60lDAg74/hqdefault.jpg","publishedAt":"2017-08-22T11:31:07Z","position":33,"videoId":"F4U60lDAg74","videoLength":"PT3M13S","viewCount":2231,"likeCount":33,"dislikeCount":0,"commentCount":7},{"title":"Karan Veer Mehra   Real Lifestyle, Net Worth,Girlfriend, Salary, Houses, Cars,  Edu, Bio And Family","imgurl":"https://i.ytimg.com/vi/cTGTbnxxDHs/hqdefault.jpg","publishedAt":"2018-01-21T15:38:56Z","position":34,"videoId":"cTGTbnxxDHs","videoLength":"PT3M20S","viewCount":28639,"likeCount":475,"dislikeCount":35,"commentCount":41},{"title":"इस प्यार को क्या नाम दूं सीरियल में काम करके फेमस हुए ये कलाकार आज दिखते है कुछ ऐसे।barun-sanaya","imgurl":"https://i.ytimg.com/vi/k7c3seVHicU/hqdefault.jpg","publishedAt":"2020-09-17T12:00:34Z","position":35,"videoId":"k7c3seVHicU","videoLength":"PT4M39S","viewCount":74633,"likeCount":797,"dislikeCount":48,"commentCount":76}]