[{"title":"WHY ARE WE HERE? A Scary Truth Behind the Original Bible Story | Full Documentary","imgurl":"https://i.ytimg.com/vi/CFKDRArS-HM/hqdefault.jpg","publishedAt":"2019-12-16T01:15:11Z","position":0,"videoId":"CFKDRArS-HM","videoLength":"PT32M33S","viewCount":7322795,"likeCount":127269,"dislikeCount":9421,"commentCount":23150},{"title":"WHY ARE WE HERE? (II) - A Scary Truth Behind the Original Bible Story Part 2 | Full Documentary","imgurl":"https://i.ytimg.com/vi/97wB5x3V7pQ/hqdefault.jpg","publishedAt":"2020-12-06T23:00:09Z","position":1,"videoId":"97wB5x3V7pQ","videoLength":"PT26M21S","viewCount":881680,"likeCount":20041,"dislikeCount":839,"commentCount":2596},{"title":"Why Are We Here (III) The Sky Council - A Scary Truth of the Original Bible Story - Documentary 2021","imgurl":"https://i.ytimg.com/vi/8Ovjd_bs9X8/hqdefault.jpg","publishedAt":"2021-01-10T23:00:09Z","position":2,"videoId":"8Ovjd_bs9X8","videoLength":"PT26M17S","viewCount":208302,"likeCount":10445,"dislikeCount":229,"commentCount":1300},{"title":"The Lost City Of Atlantis 2020 - Full Documentary | Paul Wallis / The 5th Kind","imgurl":"https://i.ytimg.com/vi/OjSUcTYGuC0/hqdefault.jpg","publishedAt":"2020-02-29T22:00:12Z","position":3,"videoId":"OjSUcTYGuC0","videoLength":"PT38M12S","viewCount":1674441,"likeCount":25464,"dislikeCount":1117,"commentCount":2442},{"title":"Why Was This Suppressed From The Bible for 2000 Years? The Book Of Enoch | Fallen Angels & Demons","imgurl":"https://i.ytimg.com/vi/CcHA7u6X9pM/hqdefault.jpg","publishedAt":"2020-04-17T03:30:12Z","position":4,"videoId":"CcHA7u6X9pM","videoLength":"PT49M4S","viewCount":631407,"likeCount":26926,"dislikeCount":687,"commentCount":2634},{"title":"\"They Have Been Taking Humans for Thousands of Years!\" - Paul Wallis","imgurl":"https://i.ytimg.com/vi/oIKza0Ub12c/hqdefault.jpg","publishedAt":"2020-07-24T22:30:12Z","position":5,"videoId":"oIKza0Ub12c","videoLength":"PT20M58S","viewCount":147102,"likeCount":8773,"dislikeCount":163,"commentCount":723},{"title":"Histories Forbidden Secrets “Those who came from the heavens to Earth” Origins Of Control","imgurl":"https://i.ytimg.com/vi/VYTSk_r91Xk/hqdefault.jpg","publishedAt":"2020-08-25T23:30:10Z","position":6,"videoId":"VYTSk_r91Xk","videoLength":"PT31M1S","viewCount":93164,"likeCount":4720,"dislikeCount":92,"commentCount":476},{"title":"Book of Enoch P.1 | The Anunnaki - Watchers and the Nephilim | Ancient Aliens Documentary 2019","imgurl":"https://i.ytimg.com/vi/o7hlBU7WbRc/hqdefault.jpg","publishedAt":"2019-08-17T02:13:48Z","position":7,"videoId":"o7hlBU7WbRc","videoLength":"PT29M10S","viewCount":1346861,"likeCount":21889,"dislikeCount":1211,"commentCount":2661},{"title":"Aliens & UFOs in Ancient Art | The Sumerian Tablets - Documentary - The 5th Kind","imgurl":"https://i.ytimg.com/vi/FvbwXb73KU4/hqdefault.jpg","publishedAt":"2020-02-09T23:00:12Z","position":8,"videoId":"FvbwXb73KU4","videoLength":"PT28M22S","viewCount":148068,"likeCount":8514,"dislikeCount":185,"commentCount":617},{"title":"Humanities Ancient Origins  | Earth - The Alien Connection..","imgurl":"https://i.ytimg.com/vi/7JwftxIh-4s/hqdefault.jpg","publishedAt":"2019-09-11T02:40:03Z","position":9,"videoId":"7JwftxIh-4s","videoLength":"PT10M18S","viewCount":42391,"likeCount":1178,"dislikeCount":40,"commentCount":134},{"title":"They Found It!... ‘Human DNA Was Designed by Ancient Aliens’ -  Scientists Report","imgurl":"https://i.ytimg.com/vi/IjZpIJF5-pM/hqdefault.jpg","publishedAt":"2019-09-19T19:00:13Z","position":10,"videoId":"IjZpIJF5-pM","videoLength":"PT11M2S","viewCount":204589,"likeCount":6828,"dislikeCount":184,"commentCount":582},{"title":"The Nephilim Giants: Enoch - This Secret Book Was So Controversial, It Was Literally Buried!","imgurl":"https://i.ytimg.com/vi/Gu_Okyq6YGk/hqdefault.jpg","publishedAt":"2019-10-04T23:00:12Z","position":11,"videoId":"Gu_Okyq6YGk","videoLength":"PT17M41S","viewCount":879556,"likeCount":22476,"dislikeCount":672,"commentCount":1561},{"title":"Secrets of Consciousness | The Akashic Record - Mysticism, Savants & Psychic Abilities","imgurl":"https://i.ytimg.com/vi/bzU0WmDSLs8/hqdefault.jpg","publishedAt":"2019-11-24T02:30:12Z","position":12,"videoId":"bzU0WmDSLs8","videoLength":"PT17M44S","viewCount":183644,"likeCount":7987,"dislikeCount":136,"commentCount":422},{"title":"“DO NOT WORSHIP THE POWERFUL ONES FROM YOUR SUMERIAN HERITAGE”","imgurl":"https://i.ytimg.com/vi/hbfeE7OC_uU/hqdefault.jpg","publishedAt":"2019-10-29T02:30:12Z","position":13,"videoId":"hbfeE7OC_uU","videoLength":"PT27M56S","viewCount":1683442,"likeCount":48182,"dislikeCount":1495,"commentCount":5655},{"title":"Missing Links | The Anunnaki Intervention : Documentary 2020","imgurl":"https://i.ytimg.com/vi/ONIl0imHgB8/hqdefault.jpg","publishedAt":"2019-12-04T00:30:12Z","position":14,"videoId":"ONIl0imHgB8","videoLength":"PT24M3S","viewCount":316470,"likeCount":9395,"dislikeCount":318,"commentCount":945}]