[{"title":"Millie Bobby Brown & Louis Partridge Play Words Associations | Enola Holmes | Netflix India","imgurl":"https://i.ytimg.com/vi/Ht-VQpDm3JU/hqdefault.jpg","publishedAt":"2020-09-23T10:30:01Z","position":0,"videoId":"Ht-VQpDm3JU","videoLength":"PT1M39S","viewCount":1432676,"likeCount":64721,"dislikeCount":398,"commentCount":1473},{"title":"Indian Mom Secrets: Revealed | Shayan, @Sejal Kumar, @Radhika Bangia | Enola Holmes | Netflix India","imgurl":"https://i.ytimg.com/vi/AgVKqgHdK3k/hqdefault.jpg","publishedAt":"2020-10-07T10:30:10Z","position":1,"videoId":"AgVKqgHdK3k","videoLength":"PT5M47S","viewCount":447218,"likeCount":13481,"dislikeCount":416,"commentCount":309},{"title":"Millie Bobby Brown Makes A Strange Friend | Enola Holmes | Netflix India","imgurl":"https://i.ytimg.com/vi/BbJ3Oc7m4ig/hqdefault.jpg","publishedAt":"2020-09-26T11:30:02Z","position":2,"videoId":"BbJ3Oc7m4ig","videoLength":"PT1M40S","viewCount":159516,"likeCount":5533,"dislikeCount":101,"commentCount":378},{"title":"Millie Bobby Brown Solves Whacky Riddles With Louis Partridge | Enola Holmes | Netflix India","imgurl":"https://i.ytimg.com/vi/jD0xQhRoNmw/hqdefault.jpg","publishedAt":"2020-10-02T13:30:07Z","position":3,"videoId":"jD0xQhRoNmw","videoLength":"PT2M59S","viewCount":661556,"likeCount":33340,"dislikeCount":177,"commentCount":759},{"title":"एनोला होम्स हिंदी ट्रेलर | Enola Holmes | Millie Bobby Brown | Official Trailer | Netflix India","imgurl":"https://i.ytimg.com/vi/jUJ7N_ahv4Y/hqdefault.jpg","publishedAt":"2020-09-16T14:30:05Z","position":4,"videoId":"jUJ7N_ahv4Y","videoLength":"PT2M45S","viewCount":1097445,"likeCount":36933,"dislikeCount":783,"commentCount":1377}]