[{"title":"Tribhanga | Teaser | Kajol, Mithila Palkar, Kunaal Roy Kapur | Netflix India","imgurl":"https://i.ytimg.com/vi/Yi7CS17VxRQ/hqdefault.jpg","publishedAt":"2021-01-02T08:30:01Z","position":0,"videoId":"Yi7CS17VxRQ","videoLength":"PT33S","viewCount":443931,"likeCount":7193,"dislikeCount":210,"commentCount":265},{"title":"Tribhanga | Official Trailer | Kajol, Mithila Palkar, Tanvi Azmi, Kunaal Roy Kapur","imgurl":"https://i.ytimg.com/vi/zVNmHMWv2mc/hqdefault.jpg","publishedAt":"2021-01-04T05:30:01Z","position":1,"videoId":"zVNmHMWv2mc","videoLength":"PT2M","viewCount":3535978,"likeCount":71194,"dislikeCount":4075,"commentCount":1881},{"title":"Kajol Reacts to Your Comments | Tribhanga | Netflix India","imgurl":"https://i.ytimg.com/vi/hbTukzM8b54/hqdefault.jpg","publishedAt":"2021-01-09T11:00:12Z","position":2,"videoId":"hbTukzM8b54","videoLength":"PT1M8S","viewCount":255071,"likeCount":7235,"dislikeCount":229,"commentCount":270},{"title":"Mithila Palkar Welcomes Kajol To The Fam | Tribhanga | Netflix India","imgurl":"https://i.ytimg.com/vi/V7QxdwTEsoQ/hqdefault.jpg","publishedAt":"2021-01-11T10:30:07Z","position":3,"videoId":"V7QxdwTEsoQ","videoLength":"PT5M46S","viewCount":299988,"likeCount":5739,"dislikeCount":210,"commentCount":359},{"title":"Meet Kajol, Mithila Palkar & Tanvi Azmi As Anu, Masha & Nayan | Tribhanga | Netflix India","imgurl":"https://i.ytimg.com/vi/SEkNWdRLSOs/hqdefault.jpg","publishedAt":"2021-01-14T12:30:08Z","position":4,"videoId":"SEkNWdRLSOs","videoLength":"PT1M23S","viewCount":280658,"likeCount":4754,"dislikeCount":102,"commentCount":200},{"title":"Behensplaining Indian Families ft. @Kusha Kapila, Kajol, Mithila & Renuka | Tribhanga","imgurl":"https://i.ytimg.com/vi/VGe9Pw2XaA4/hqdefault.jpg","publishedAt":"2021-01-15T08:00:18Z","position":5,"videoId":"VGe9Pw2XaA4","videoLength":"PT12M40S","viewCount":527907,"likeCount":12046,"dislikeCount":289,"commentCount":509},{"title":"What Is Tribhanga? | Kajol, Mithila Palkar, Tanvi Azmi | Netflix India","imgurl":"https://i.ytimg.com/vi/p-NgghB7rZ4/hqdefault.jpg","publishedAt":"2021-01-17T11:00:33Z","position":6,"videoId":"p-NgghB7rZ4","videoLength":"PT53S","viewCount":70169,"likeCount":1763,"dislikeCount":66,"commentCount":80},{"title":"Tribhanga Behind The Scenes | Kajol, Mithila Palkar, Tanvi Azmi | Netflix India","imgurl":"https://i.ytimg.com/vi/HCMhRdRuMyU/hqdefault.jpg","publishedAt":"2021-01-19T12:43:34Z","position":7,"videoId":"HCMhRdRuMyU","videoLength":"PT4M25S","viewCount":126365,"likeCount":3137,"dislikeCount":73,"commentCount":159},{"title":"The MOST Awkward Rapid Fire ft. Ahsaas Channa, Akasa Singh & Anandita Pagnis | Tribhanga","imgurl":"https://i.ytimg.com/vi/JuG5ds_iQ88/hqdefault.jpg","publishedAt":"2021-01-24T06:08:10Z","position":8,"videoId":"JuG5ds_iQ88","videoLength":"PT5M8S","viewCount":737321,"likeCount":22058,"dislikeCount":455,"commentCount":306}]