[{"title":"Pankaj Tripathi Being Iconic For 4 Minutes Straight | Netflix India","imgurl":"https://i.ytimg.com/vi/LtzrqnV3e18/hqdefault.jpg","publishedAt":"2021-01-03T11:30:01Z","position":0,"videoId":"LtzrqnV3e18","videoLength":"PT4M39S","viewCount":1209179,"likeCount":38591,"dislikeCount":417,"commentCount":742},{"title":"Pankaj Tripathi Roasts @Slayy Point | Now Memeing | Netflix India","imgurl":"https://i.ytimg.com/vi/iIZWL0R-9MU/hqdefault.jpg","publishedAt":"2020-12-06T05:30:05Z","position":1,"videoId":"iIZWL0R-9MU","videoLength":"PT7M32S","viewCount":1755924,"likeCount":148179,"dislikeCount":2065,"commentCount":2656},{"title":"Pankaj Tripathi Leaked Audition Tape for Sacred Games | Netflix","imgurl":"https://i.ytimg.com/vi/vI68VA2TOQM/hqdefault.jpg","publishedAt":"2019-08-17T06:30:02Z","position":2,"videoId":"vI68VA2TOQM","videoLength":"PT2M7S","viewCount":7953611,"likeCount":248831,"dislikeCount":5865,"commentCount":4827},{"title":"Pankaj Tripathi Can Solve Any Problem ft. Aditya Roy Kapoor | Ludo | Netflix India","imgurl":"https://i.ytimg.com/vi/esUbo6uRgaY/hqdefault.jpg","publishedAt":"2020-11-26T10:30:03Z","position":3,"videoId":"esUbo6uRgaY","videoLength":"PT2M13S","viewCount":561372,"likeCount":12389,"dislikeCount":161,"commentCount":352},{"title":"What if Netflix characters were your teachers feat. Pankaj Tripathi, Kusha Kapila and Ayush Mehra","imgurl":"https://i.ytimg.com/vi/m5bSwSuT8SU/hqdefault.jpg","publishedAt":"2019-09-05T06:00:05Z","position":4,"videoId":"m5bSwSuT8SU","videoLength":"PT7M26S","viewCount":1453188,"likeCount":56636,"dislikeCount":2028,"commentCount":1393},{"title":"Pankaj Tripathi Teaches Idioms | Pankaj Tripathi | Ludo | Netflix India","imgurl":"https://i.ytimg.com/vi/q-amQJStJOo/hqdefault.jpg","publishedAt":"2020-11-17T13:30:06Z","position":5,"videoId":"q-amQJStJOo","videoLength":"PT2M49S","viewCount":488619,"likeCount":25226,"dislikeCount":379,"commentCount":498},{"title":"Pankaj Tripathi as Sattu | Ludo | Netflix India","imgurl":"https://i.ytimg.com/vi/39lW6kuD9o4/hqdefault.jpg","publishedAt":"2020-11-15T04:30:01Z","position":6,"videoId":"39lW6kuD9o4","videoLength":"PT1M11S","viewCount":466324,"likeCount":12811,"dislikeCount":178,"commentCount":386},{"title":"Introducing Guruji | Pankaj Tripathi | Sacred Games 2","imgurl":"https://i.ytimg.com/vi/mx3duQYvozs/hqdefault.jpg","publishedAt":"2019-08-13T07:45:01Z","position":7,"videoId":"mx3duQYvozs","videoLength":"PT58S","viewCount":1266694,"likeCount":34783,"dislikeCount":832,"commentCount":1189},{"title":"Get Him Back ft. Pankaj Tripathi | Extraction | Netflix India","imgurl":"https://i.ytimg.com/vi/3YvJAfpjOTg/hqdefault.jpg","publishedAt":"2020-04-29T05:30:00Z","position":8,"videoId":"3YvJAfpjOTg","videoLength":"PT58S","viewCount":384722,"likeCount":9365,"dislikeCount":151,"commentCount":149},{"title":"Pankaj Tripathi & Janhvi Kapoor: The Best Father-Daughter Duo | Gunjan Saxena | Netflix India","imgurl":"https://i.ytimg.com/vi/_dO3HsZa4nM/hqdefault.jpg","publishedAt":"2020-08-07T09:30:02Z","position":9,"videoId":"_dO3HsZa4nM","videoLength":"PT2M33S","viewCount":138477,"likeCount":5175,"dislikeCount":494,"commentCount":644},{"title":"Team Gunjan Saxena Reacts to Comments | Pankaj Tripathi, Janhvi Kapoor | Netflix India","imgurl":"https://i.ytimg.com/vi/3egiaZE9Z3M/hqdefault.jpg","publishedAt":"2020-08-14T14:34:15Z","position":10,"videoId":"3egiaZE9Z3M","videoLength":"PT3M50S","viewCount":32098,"likeCount":1311,"dislikeCount":312,"commentCount":238},{"title":"Pankaj Tripathi learns Millennial Lingo from Janhvi Kapoor | Gunjan Saxena: The Kargil Girl","imgurl":"https://i.ytimg.com/vi/XGnWk32PT3w/hqdefault.jpg","publishedAt":"2020-08-17T07:25:55Z","position":11,"videoId":"XGnWk32PT3w","videoLength":"PT3M35S","viewCount":378455,"likeCount":17701,"dislikeCount":788,"commentCount":650},{"title":"How Cinema Inspires Pankaj Tripathi | Stories Behind the Story | Just A Story Away","imgurl":"https://i.ytimg.com/vi/QDQWyBPYl2E/hqdefault.jpg","publishedAt":"2020-09-19T06:30:03Z","position":12,"videoId":"QDQWyBPYl2E","videoLength":"PT1M56S","viewCount":81853,"likeCount":4817,"dislikeCount":47,"commentCount":205},{"title":"Pankaj Tripathi's Motivational Speech | Gunjan Saxena: The Kargil Girl | Netflix India","imgurl":"https://i.ytimg.com/vi/DKlVz1R41jQ/hqdefault.jpg","publishedAt":"2020-08-15T11:00:07Z","position":13,"videoId":"DKlVz1R41jQ","videoLength":"PT2M3S","viewCount":168256,"likeCount":4899,"dislikeCount":157,"commentCount":167},{"title":"Pankaj Tripathi's Reaction Inspires Fans | Gunjan Saxena | You're Just A Story Away | Netflix India","imgurl":"https://i.ytimg.com/vi/rL-qlbCFIlk/hqdefault.jpg","publishedAt":"2020-10-10T10:30:02Z","position":14,"videoId":"rL-qlbCFIlk","videoLength":"PT3M26S","viewCount":22501,"likeCount":1059,"dislikeCount":157,"commentCount":110},{"title":"The Evolution Of Pankaj Tripathi | Gangs of Wasseypur, Sacred Games, Masaan | Netflix India","imgurl":"https://i.ytimg.com/vi/B1XKRoepQBw/hqdefault.jpg","publishedAt":"2021-02-23T05:30:01Z","position":15,"videoId":"B1XKRoepQBw","videoLength":"PT2M10S","viewCount":59702,"likeCount":3046,"dislikeCount":27,"commentCount":105}]