[{"title":"How To Start 2 Stroke 52 cc Brush Cutter | 2 स्ट्रोक 52 cc ब्रश कटर को कैसे स्टार्ट करे","imgurl":"https://i.ytimg.com/vi/IsFEX-angnA/hqdefault.jpg","publishedAt":"2019-12-12T06:54:54Z","position":0,"videoId":"IsFEX-angnA","videoLength":"PT6M44S","viewCount":51323,"likeCount":803,"dislikeCount":57,"commentCount":108},{"title":"How To Assemble 2 Stroke Brush Cutter & Nylon Trimmer  | कैसे ब्रश कटर और नायलॉन ट्रिमर असेम्बल करे","imgurl":"https://i.ytimg.com/vi/pJ1bVNWzn2I/hqdefault.jpg","publishedAt":"2019-12-19T09:12:10Z","position":1,"videoId":"pJ1bVNWzn2I","videoLength":"PT12M9S","viewCount":5615,"likeCount":78,"dislikeCount":3,"commentCount":4},{"title":"How To Assemble Crop Cutter In Brush Cutter Machine | कैसे ब्रश कटर मशीन में फसल कटर असेम्बल करे","imgurl":"https://i.ytimg.com/vi/jIV3m33t-Fg/hqdefault.jpg","publishedAt":"2020-12-29T05:30:02Z","position":2,"videoId":"jIV3m33t-Fg","videoLength":"PT10M27S","viewCount":1004,"likeCount":33,"dislikeCount":1,"commentCount":9}]