[{"title":"Drishyam 2 - Official Trailer (Malayalam) | Mohanlal | Jeethu Joseph | Amazon Original Movie| Feb 19","imgurl":"https://i.ytimg.com/vi/0f-nd1uGsjQ/hqdefault.jpg","publishedAt":"2021-02-06T10:48:36Z","position":0,"videoId":"0f-nd1uGsjQ","videoLength":"PT2M27S","viewCount":20409660,"likeCount":319388,"dislikeCount":7526,"commentCount":71070},{"title":"Watch Now | Drishyam 2 | Mohanlal | Jeethu Joseph | Amazon Prime Video","imgurl":"https://i.ytimg.com/vi/5Xw6gIdOgD0/hqdefault.jpg","publishedAt":"2021-02-18T18:44:05Z","position":1,"videoId":"5Xw6gIdOgD0","videoLength":"PT40S","viewCount":258390,"likeCount":7302,"dislikeCount":141,"commentCount":708},{"title":"Drishyam 2 - Official Teaser (Malayalam) | Mohanlal | Jeethu Joseph | Amazon Original Movie","imgurl":"https://i.ytimg.com/vi/ieHmd3jMAok/hqdefault.jpg","publishedAt":"2020-12-31T18:52:07Z","position":2,"videoId":"ieHmd3jMAok","videoLength":"PT1M19S","viewCount":4314967,"likeCount":127953,"dislikeCount":6266,"commentCount":10528},{"title":"Drishyam - Recap | Mohanlal | Jeethu Joseph | Amazon Prime Video","imgurl":"https://i.ytimg.com/vi/iL4Oqz5bbaM/hqdefault.jpg","publishedAt":"2021-02-09T06:41:28Z","position":3,"videoId":"iL4Oqz5bbaM","videoLength":"PT2M29S","viewCount":3961633,"likeCount":26076,"dislikeCount":600,"commentCount":1900},{"title":"The Police Investigation | Drishyam 2 | Mohanlal | Jeethu Joseph | Amazon Original Movie| Feb 19","imgurl":"https://i.ytimg.com/vi/uAbSetWzW1A/hqdefault.jpg","publishedAt":"2021-02-10T06:31:28Z","position":4,"videoId":"uAbSetWzW1A","videoLength":"PT40S","viewCount":434880,"likeCount":15726,"dislikeCount":210,"commentCount":1006},{"title":"Producer | Drishyam 2 |  Mohanlal | Jeethu Joseph | Amazon Prime Video","imgurl":"https://i.ytimg.com/vi/-B5gHyCeSbc/hqdefault.jpg","publishedAt":"2021-02-15T06:32:10Z","position":5,"videoId":"-B5gHyCeSbc","videoLength":"PT40S","viewCount":337298,"likeCount":13404,"dislikeCount":143,"commentCount":615}]