[{"title":"The Gift Exchange With The Adventures Of Tonka The Malamute","imgurl":"https://i.ytimg.com/vi/3nnATQYOFG0/hqdefault.jpg","publishedAt":"2017-12-20T18:00:02Z","position":0,"videoId":"3nnATQYOFG0","videoLength":"PT8M1S","viewCount":10890,"likeCount":627,"dislikeCount":2,"commentCount":71},{"title":"The Gift Exchange With Tonka And Monroe","imgurl":"https://i.ytimg.com/vi/_aJb6S4zsBk/hqdefault.jpg","publishedAt":"2018-09-20T12:00:07Z","position":1,"videoId":"_aJb6S4zsBk","videoLength":"PT10M43S","viewCount":31642,"likeCount":1641,"dislikeCount":11,"commentCount":229},{"title":"Told My Husky I Hid TOYS And TREATS In The House! Gift Exchange","imgurl":"https://i.ytimg.com/vi/s3-hT-1lkyc/hqdefault.jpg","publishedAt":"2020-08-26T15:00:32Z","position":2,"videoId":"s3-hT-1lkyc","videoLength":"PT4M44S","viewCount":307654,"likeCount":15522,"dislikeCount":140,"commentCount":1371}]